[
  {
    "created_at": "Sat Feb 06 22:43:03 +0000 2021",
    "id": 1358184460794163202,
    "full_text": "Why would we want to impeach and convict Donald Trump \u2013 a president who is now out of office? Because it must be made clear that no president, now or in the future, can lead an insurrection against the government he or she is sworn to protect.",
    "retweet_count": 2272,
    "favorite_count": 13299
  },
  {
    "created_at": "Sat Feb 06 21:09:04 +0000 2021",
    "id": 1358160808627363847,
    "full_text": "Walton family wealth in 2018: $146 billion\nWalton family wealth in 2021: $228 billion\n\nWalmart minimum wage in 2018: $11 an hour\nWalmart minimum wage in 2021: $11 an hour\n\nIt is a moral outrage that the richest family in America pays workers at Walmart starvation wages.",
    "retweet_count": 8354,
    "favorite_count": 39896
  },
  {
    "created_at": "Fri Feb 05 22:32:02 +0000 2021",
    "id": 1357819298841059328,
    "full_text": "The budget resolution the Senate passed today puts us on a path to finally raise the minimum wage to $15 an hour. It is a moral imperative in the richest country in the world that no one is forced to live on a starvation wage, and the American Rescue Plan will get it done.",
    "retweet_count": 3702,
    "favorite_count": 34128
  }
]